-- phpMyAdmin SQL Dump
-- version 5.2.0
-- https://www.phpmyadmin.net/
--
-- Host: 127.0.0.1
-- Generation Time: Dec 21, 2022 at 09:39 AM
-- Server version: 10.4.25-MariaDB
-- PHP Version: 8.1.10

SET SQL_MODE = "NO_AUTO_VALUE_ON_ZERO";
START TRANSACTION;
SET time_zone = "+00:00";


/*!40101 SET @OLD_CHARACTER_SET_CLIENT=@@CHARACTER_SET_CLIENT */;
/*!40101 SET @OLD_CHARACTER_SET_RESULTS=@@CHARACTER_SET_RESULTS */;
/*!40101 SET @OLD_COLLATION_CONNECTION=@@COLLATION_CONNECTION */;
/*!40101 SET NAMES utf8mb4 */;

--
-- Database: `recordapp_db`
--

-- --------------------------------------------------------

--
-- Table structure for table `employee`
--

DROP TABLE IF EXISTS `employee`;
CREATE TABLE `employee` (
  `id` int(11) NOT NULL,
  `lastname` varchar(45) COLLATE utf8mb4_unicode_ci NOT NULL,
  `firstname` varchar(45) COLLATE utf8mb4_unicode_ci NOT NULL,
  `office_id` int(11) NOT NULL,
  `address` varchar(100) COLLATE utf8mb4_unicode_ci DEFAULT NULL
) ENGINE=InnoDB DEFAULT CHARSET=utf8mb4 COLLATE=utf8mb4_unicode_ci;

--
-- Dumping data for table `employee`
--

INSERT INTO `employee` (`id`, `lastname`, `firstname`, `office_id`, `address`) VALUES
(6, 'Gottlieb', 'Agustin', 67, '436 Karine Knolls'),
(7, 'Blick', 'Antonina', 173, '5431 Lucie Neck Apt. 847'),
(8, 'Goodwin', 'Bobby', 64, '70018 Bode Rapid'),
(9, 'Dietrich', 'Maida', 36, ''),
(10, 'Douglas', 'Waino', 32, '4896 Cruickshank Villages Suite 108'),
(11, 'O\'Conner', 'Hillard', 86, '939 Flossie Garden Apt. 942'),
(12, 'Conn', 'Daija', 48, '141 Jacobi Locks'),
(13, 'Anderson', 'Wade', 188, '025 Sauer Wells Apt. 142'),
(14, 'Gaylord', 'Danyka', 155, '425 Deangelo Orchard'),
(15, 'Goodwin', 'Roxanne', 120, '9886 Durgan Mews Suite 201'),
(16, 'Von', 'Jovanny', 63, '5114 Lesch Mountain Suite 403'),
(17, 'Klein', 'Rosie', 13, '1642 Pagac Islands'),
(18, 'Swaniawski', 'Edmond', 68, '5124 Coty Stravenue Suite 939'),
(19, 'Reynolds', 'Chanelle', 60, '11362 Makayla Trail Suite 633'),
(20, 'Dooley', 'Jettie', 99, ''),
(21, 'Wuckert', 'Oceane', 1, '03687 Medhurst Extensions'),
(22, 'Schamberger', 'Marcelina', 27, '208 Zechariah Walk Apt. 592'),
(23, 'Murphy', 'Josiah', 18, '31924 Lueilwitz Forge'),
(24, 'Lakin', 'Tressa', 10, '229 Braden Trail Suite 236'),
(25, 'Howell', 'Jayde', 99, '41641 Zieme Mills'),
(26, 'Hamill', 'Cletus', 78, '56105 VonRueden Course Apt. 973'),
(27, 'D\'Amore', 'Moses', 106, '2022 Lynch Valley Apt. 966'),
(28, 'Schaden', 'Katlynn', 55, '8932 Daugherty Causeway'),
(29, 'Sauer', 'Cullen', 155, '668 Kovacek Village'),
(30, 'Cremin', 'Margaretta', 175, '0289 Schultz Walk Apt. 964'),
(31, 'Wiegand', 'Ollie', 87, '6797 Darrion Row'),
(32, 'Rosenbaum', 'Daphne', 177, '8021 O\'Conner Harbors Suite 160'),
(33, 'Lakin', 'Benton', 75, '9392 Reyna Parks'),
(34, 'Littel', 'Arianna', 27, '0441 Mann Unions'),
(35, 'Terry', 'Dale', 156, '167 Conroy Highway Apt. 341'),
(36, 'Schaefer', 'Phoebe', 25, ''),
(37, 'Davis', 'Hilma', 31, '9022 Morar Plains Apt. 665'),
(38, 'Kihn', 'Ebba', 38, '76094 Kaci Fork'),
(39, 'Durgan', 'Deontae', 113, '6939 Thea Course Apt. 651'),
(40, 'Reichert', 'Jailyn', 8, '87634 Schamberger Parks Suite 215'),
(41, 'Goodwin', 'Armand', 19, '1129 Nienow Village Apt. 652'),
(42, 'Johns', 'Elmo', 27, '71657 Estell Spring'),
(43, 'O\'Conner', 'Gaetano', 47, '71179 Spencer Islands Suite 500'),
(44, 'Watsica', 'Declan', 90, ''),
(45, 'Lindgren', 'Elenor', 178, '09016 Stanton Bridge Suite 196'),
(46, 'Toy', 'Colleen', 72, '221 Eloy Flat'),
(47, 'Berge', 'Anderson', 133, '779 Emmerich Plain'),
(48, 'Torphy', 'Julianne', 112, '973 Thiel Locks'),
(49, 'Mante', 'Leopold', 67, '17126 Michaela Mill'),
(50, 'Denesik', 'Karianne', 78, ''),
(51, 'Walker', 'Matt', 162, '8145 Consuelo Trail Apt. 993'),
(52, 'Heathcote', 'Ignatius', 153, '8969 Muller Unions'),
(53, 'Lockman', 'Jaden', 129, '17412 Howard Lake'),
(54, 'Schmidt', 'Haley', 33, '730 Welch Curve Suite 339'),
(55, 'Douglas', 'Antonetta', 155, ''),
(56, 'O\'Keefe', 'Ulises', 190, '9704 Conroy Ramp Suite 507'),
(57, 'Rippin', 'Sammie', 52, '62655 Thompson Village Suite 442'),
(58, 'Greenfelder', 'Cara', 184, '75711 Dietrich Fork Suite 960'),
(59, 'Bradtke', 'Pearline', 169, '1718 Gutmann Ways Suite 676'),
(60, 'Stoltenberg', 'Maxime', 156, '1936 McLaughlin Springs'),
(61, 'Schimmel', 'Itzel', 166, '4663 Jordon Station Apt. 952'),
(62, 'Ortiz', 'Bruce', 69, ''),
(63, 'Kling', 'Ofelia', 82, ''),
(64, 'Labadie', 'Jared', 75, '546 Bosco Run Apt. 505'),
(65, 'Runolfsdottir', 'Tad', 148, '866 Swaniawski Parks'),
(66, 'Stroman', 'Deven', 101, '280 Joaquin Village'),
(67, 'Willms', 'Marc', 195, ''),
(68, 'Johnson', 'Albert', 176, '5998 Wilfred Village'),
(69, 'Spinka', 'Duane', 147, '457 Russell Village'),
(70, 'Dach', 'Johann', 146, '2889 Jerde Spurs Suite 473'),
(71, 'Block', 'Gerda', 89, '88135 Raina Square'),
(72, 'Bergstrom', 'Mitchel', 97, '3593 Missouri Trail Suite 761'),
(73, 'Dietrich', 'Margaretta', 53, '0753 Pagac Spurs Suite 944'),
(74, 'Jast', 'Alia', 103, ''),
(75, 'Mraz', 'Leonard', 7, '8134 Roberts Forge Suite 551'),
(76, 'Schamberger', 'Cooper', 28, '99865 Lesch Islands'),
(77, 'Pollich', 'Kody', 31, '03401 Efrain Burgs Suite 484'),
(78, 'Pfeffer', 'Marjorie', 33, '01065 Dare Estates'),
(79, 'Mante', 'Brianne', 3, '757 Blanda Junctions Suite 943'),
(80, 'Hettinger', 'Blaze', 157, '66985 Lora Valley'),
(81, 'Ratke', 'Tanner', 96, '76486 Hilbert Brooks'),
(82, 'Boyle', 'Clair', 202, '14257 Walsh Harbors Apt. 598'),
(83, 'Lynch', 'Kennith', 196, '1335 Andreanne Knoll'),
(84, 'Stokes', 'Kyle', 4, '58149 Keyon Mount Suite 516'),
(85, 'Skiles', 'Caitlyn', 200, '302 Dedrick Valleys Suite 236'),
(86, 'Lubowitz', 'Arvel', 98, '0266 Rasheed Roads Apt. 411'),
(87, 'Botsford', 'Francisco', 8, ''),
(88, 'Vandervort', 'Javon', 134, ''),
(89, 'Kunze', 'Benton', 137, '661 Lambert Mountains Suite 687'),
(90, 'Stoltenberg', 'Kristin', 172, '4176 Chanelle Light'),
(91, 'Ankunding', 'Watson', 162, '6499 Mayra Ramp'),
(92, 'Green', 'Otho', 152, '7831 Norberto Ports'),
(93, 'Runolfsson', 'Markus', 91, '519 Conroy Circles Suite 366'),
(94, 'Haley', 'Haylie', 190, '341 Gerlach Turnpike'),
(95, 'Kunze', 'Mateo', 108, '30843 Stanton Union Suite 504'),
(96, 'Harber', 'Nellie', 61, '40888 Crist Island'),
(97, 'Bins', 'Alexander', 192, '557 Pfannerstill Estates'),
(98, 'Reilly', 'Jazlyn', 59, '37394 Jaylin Mountains'),
(99, 'DuBuque', 'Agustin', 112, '1273 Fanny Fall'),
(100, 'Gerlach', 'Alta', 77, '7615 Mohr Views'),
(101, 'Fisher', 'Malvina', 191, '64737 Lindgren Isle'),
(102, 'Glover', 'Jillian', 185, '4245 Nadia Spur'),
(103, 'Mante', 'Kamryn', 50, '07871 Dietrich Forest Suite 440'),
(104, 'Schaefer', 'Brionna', 48, ''),
(105, 'Feest', 'Kristopher', 159, '566 Rene Spur'),
(106, 'Huels', 'Carter', 125, '9832 Tremblay Summit Apt. 544'),
(107, 'Strosin', 'Deron', 171, '072 Kuphal Trace'),
(108, 'Medhurst', 'Aletha', 64, '5008 Tess Ports'),
(109, 'Robel', 'Marcelino', 37, '74873 Alanis Grove'),
(110, 'Sipes', 'Annabel', 34, '974 Maximillian Streets Suite 593'),
(111, 'Greenholt', 'Mylene', 37, '1594 Easter Haven'),
(112, 'Schulist', 'Sheridan', 149, '98806 Mona Shoals Suite 740'),
(113, 'Kunze', 'Yessenia', 88, '3614 VonRueden Lakes'),
(114, 'Dare', 'Demarcus', 193, '099 Bernier Turnpike'),
(115, 'Kuvalis', 'Daija', 40, '3304 Jones Point'),
(116, 'Mueller', 'Romaine', 13, '477 Kristian Land Suite 950'),
(117, 'Rodriguez', 'Alessandra', 37, '9584 Koepp Squares'),
(118, 'Von', 'Chyna', 43, '91516 Parisian Lakes Suite 802'),
(119, 'Nikolaus', 'Myrtice', 192, '8130 Autumn Forges'),
(120, 'Morissette', 'Reva', 153, '931 Sammie Island Suite 477'),
(121, 'Carter', 'Rosetta', 51, '94054 Lavina Route'),
(122, 'Bednar', 'Herminio', 104, '412 Murray Parkways Apt. 342'),
(123, 'Heidenreich', 'Brennon', 64, '9704 Lindgren Crescent Apt. 006'),
(124, 'Olson', 'Gabriel', 51, '491 Treutel Fall Apt. 835'),
(125, 'Tillman', 'Trace', 60, '6536 Lurline Parkways'),
(126, 'Predovic', 'Angelo', 191, '065 Khalid Drive'),
(127, 'Gottlieb', 'Alphonso', 205, '6823 Josefina Rapids'),
(128, 'Conn', 'Devyn', 181, '334 Hintz Road'),
(129, 'VonRueden', 'Jaunita', 108, '413 Kirlin Hills'),
(130, 'Buckridge', 'Melody', 50, '027 Adriana Port'),
(131, 'Fahey', 'Murphy', 123, '2901 Bins Land'),
(132, 'Ziemann', 'Sven', 127, '463 Adrain Forks'),
(133, 'Doyle', 'Sherwood', 194, '370 Zoe Circle Suite 129'),
(134, 'Huels', 'Willard', 130, '63011 Strosin Lights'),
(135, 'Abbott', 'Martine', 161, '8675 Crystel Ridges'),
(136, 'Gulgowski', 'Maritza', 31, '13701 Heathcote Lock Apt. 387'),
(137, 'Grady', 'Laila', 175, '82059 Shanahan Estates'),
(138, 'Harvey', 'Winona', 133, '27747 Beier Bridge Apt. 634'),
(139, 'Mertz', 'Terrance', 156, '2683 Dell Lock'),
(140, 'Christiansen', 'Taryn', 5, '2234 Jerod Mills Apt. 278'),
(141, 'Lehner', 'Susana', 11, '5167 Teagan Row'),
(142, 'Kulas', 'Leora', 135, '61344 Bashirian Skyway'),
(143, 'Lockman', 'Berneice', 159, '561 King Passage Suite 990'),
(144, 'Howe', 'Fernando', 149, '465 Powlowski Lake'),
(145, 'Schuppe', 'Davon', 74, '635 Agustin Brooks Apt. 906'),
(146, 'Kling', 'Triston', 154, '437 Haleigh Mountain'),
(147, 'Runolfsson', 'Toni', 85, '186 Beahan Mills Apt. 385'),
(148, 'Sporer', 'Pauline', 81, '17129 Dickinson Neck Suite 124'),
(149, 'Schmeler', 'Lazaro', 16, '9087 Quitzon Tunnel Apt. 100'),
(150, 'Stokes', 'Lyric', 100, '4042 Balistreri Pass Suite 841'),
(151, 'Turcotte', 'Brenden', 132, '4854 Hayes Drives Apt. 917'),
(152, 'Boyer', 'Hermann', 143, '386 Sheridan Islands Apt. 594'),
(153, 'Heller', 'Drew', 195, '086 Wolf Manors'),
(154, 'Schmeler', 'Reuben', 111, '0878 Presley Crest'),
(155, 'Gottlieb', 'Lennie', 194, '72690 Tillman Way'),
(156, 'Breitenberg', 'Camylle', 104, '119 Annabell Camp Apt. 188'),
(157, 'Swift', 'Kiley', 187, ''),
(158, 'Ortiz', 'Jerrell', 62, ''),
(159, 'Mayert', 'Carrie', 129, '2244 Haag Grove'),
(160, 'Collins', 'Adela', 137, '1921 Schuppe Tunnel Suite 816'),
(161, 'Gaylord', 'Rebecca', 152, '37412 Spinka Pine Apt. 357'),
(162, 'Gorczany', 'Lelia', 150, '584 Ledner Island'),
(163, 'Paucek', 'Sharon', 42, '93792 Alexandrine Bridge Apt. 469'),
(164, 'Gutkowski', 'Paul', 101, ''),
(165, 'Quigley', 'Nico', 84, '414 Runte Union'),
(166, 'Stiedemann', 'Holly', 70, '5970 Fredy Pike Apt. 710'),
(167, 'Koss', 'Gage', 59, ''),
(168, 'Heidenreich', 'Adelle', 67, '61457 Rosenbaum Throughway'),
(169, 'Blick', 'Elwin', 157, '521 Deon Green'),
(170, 'Upton', 'Garland', 33, '144 Rogahn Causeway'),
(171, 'Stracke', 'Providenci', 186, '924 Konopelski Port'),
(172, 'Durgan', 'Ron', 120, '130 Schmeler View Apt. 651'),
(173, 'Goyette', 'Alanna', 30, '4920 Smith Hollow Suite 288'),
(174, 'Moore', 'Neva', 197, '1603 Gaylord Extension Suite 794'),
(175, 'Ziemann', 'Rosario', 35, '60565 Melisa Mount'),
(176, 'Brakus', 'Aniyah', 121, '6807 Fisher Park Suite 558'),
(177, 'Cormier', 'Eula', 69, '92608 Marks Plaza'),
(178, 'Swift', 'Birdie', 160, '6340 Skiles Centers'),
(179, 'Kohler', 'Geovanni', 31, ''),
(180, 'Rau', 'Consuelo', 146, ''),
(181, 'Roberts', 'Kayden', 120, '3050 Amira Common'),
(182, 'Haley', 'Eino', 193, '2930 Howell Road Apt. 078'),
(183, 'Klocko', 'Mabelle', 132, '07199 Hilll Shore Apt. 414'),
(184, 'Daniel', 'Casper', 37, ''),
(185, 'Kuvalis', 'Augustus', 21, '4764 Kiara Wall'),
(186, 'O\'Conner', 'Donnell', 105, '287 Alvena Pine'),
(187, 'Hermiston', 'Odessa', 148, '1947 Providenci Port'),
(188, 'Robel', 'Loren', 160, ''),
(189, 'Hyatt', 'Marianne', 188, '75403 Tremblay Park Apt. 725'),
(190, 'Schamberger', 'Bertha', 8, '00038 Blanda Plaza'),
(191, 'Hand', 'Jerrod', 165, '82437 Junior Highway'),
(192, 'Schaefer', 'Felix', 74, '54135 Amina Harbors'),
(193, 'Boyle', 'Jakob', 63, '158 Wade Walk Apt. 722'),
(194, 'Luettgen', 'Francisco', 31, '37933 Xzavier Lodge'),
(195, 'Spencer', 'Maddison', 67, '353 Kling Square'),
(196, 'Krajcik', 'Adrienne', 116, '067 Ronaldo Junction'),
(197, 'Hamill', 'Lura', 128, '8074 Bosco Ridge Apt. 815'),
(198, 'Zemlak', 'Ardith', 196, '18906 Schmidt Unions Apt. 738'),
(199, 'Mohr', 'Jerel', 12, '0149 Willis Branch'),
(200, 'Schultz', 'Valentin', 103, '916 Amina Passage Apt. 935'),
(201, 'Hermiston', 'Margie', 18, '366 Crooks Ford'),
(202, 'Kunze', 'Elena', 49, '88143 Leland Mews Apt. 561'),
(203, 'Blanda', 'Angelina', 88, ''),
(204, 'Buckridge', 'Torey', 183, '7057 Denesik Springs Apt. 090'),
(205, 'Hamill', 'Trenton', 18, '723 Kreiger Viaduct');

-- --------------------------------------------------------

--
-- Table structure for table `office`
--

DROP TABLE IF EXISTS `office`;
CREATE TABLE `office` (
  `id` int(11) NOT NULL,
  `name` varchar(45) COLLATE utf8mb4_unicode_ci NOT NULL,
  `contactnum` varchar(45) COLLATE utf8mb4_unicode_ci DEFAULT NULL,
  `email` varchar(45) COLLATE utf8mb4_unicode_ci DEFAULT NULL,
  `address` varchar(45) COLLATE utf8mb4_unicode_ci DEFAULT NULL,
  `city` varchar(45) COLLATE utf8mb4_unicode_ci DEFAULT NULL,
  `country` varchar(45) COLLATE utf8mb4_unicode_ci DEFAULT NULL,
  `postal` int(11) DEFAULT NULL
) ENGINE=InnoDB DEFAULT CHARSET=utf8mb4 COLLATE=utf8mb4_unicode_ci;

--
-- Dumping data for table `office`
--

INSERT INTO `office` (`id`, `name`, `contactnum`, `email`, `address`, `city`, `country`, `postal`) VALUES
(1, 'Computer Studies Department', '433-5684', 'csd@psu.palawan.edu.ph', 'IT Building', 'Puerto Princesa', 'Philippines', 5300),
(2, 'CS Dean\'s Office', '433-5686', 'cs@psu.palawan.edu.ph', 'CS Building', 'Puerto Princesa', 'Philippines', 5300),
(3, 'Creative Code Inc.', '433-5685', 'cci@gmail.com', '', '', '', 5300),
(4, 'Creative Code Inc.', '433-5685', 'cci@gmail.com', '', '', '', 5300),
(5, 'Office of the President', '433-1234', 'oup@psu.palawan.edu.ph', 'Admin building', '', '', 5300),
(6, 'Grady Ltd', '(032)181-3664x8146', 'jStroman@Runolfsdottir.info', '797 Kaycee Forges', 'Lake Queenie', 'France', 60515),
(7, 'Wintheiser, Schmeler and Grady', '397.651.0784x28610', 'qHaley@Lemke.biz', '50513 Maribel Roads Suite 782', 'Irwinhaven', 'Central African Republic', 40580),
(8, 'Wilkinson Ltd', '(103)068-5640x5230', 'uShields@yahoo.com', '6338 Katarina Village', 'Mosciskiside', '', 63179),
(9, 'King, Moore and Reichert', '(000)208-9920', 'bKlocko@Ruecker.biz', '5851 Cole Flat Suite 308', 'Pfefferview', 'Malaysia', 28744),
(10, 'Emmerich-Lubowitz', '454-275-3842x432', 'fMonahan@gmail.com', '496 Makenna Ports', 'New Marianeburgh', 'Argentina', 37685),
(11, 'Von Inc', '1-484-807-8482', 'Marvin.Hayley@Ledner.com', '69279 Kennedi Divide', 'Catherineside', 'Timor-Leste', 93429),
(12, 'Wyman Ltd', '06087752548', 'Casper.Afton@Mitchell.com', '26825 Schmidt Valleys Apt. 081', 'East Wilberborough', 'Angola', 73566),
(13, 'Lebsack Group', '02265077776', 'Oren.Legros@gmail.com', '451 Friedrich Mews Apt. 836', 'Philipville', 'Brunei Darussalam', 82081),
(14, 'Beatty PLC', '02966715395', 'fKiehn@Maggio.com', '4194 Teresa Crescent Suite 457', 'Lake Treva', 'Reunion', 60698),
(15, 'Lehner and Sons', '(250)641-6589', 'Trey73@yahoo.com', '88669 Strosin Lodge', 'East Theron', 'Turkey', 26233),
(16, 'Bosco-Beier', '943-691-6564x0517', 'Royal36@Kuphal.com', '39543 Hammes Coves Apt. 557', '', '', 3312),
(17, 'Dooley Inc', '(656)445-7574', 'Caroline.Shields@hotmail.com', '672 Howe Light Suite 303', 'Cummerataburgh', 'Morocco', 1202),
(18, 'Reynolds-Kemmer', '969-510-0494', 'Seth.McClure@hotmail.com', '0519 Cole Rest', 'Lake Ervin', 'Turkmenistan', 16942),
(19, 'Gislason-Bashirian', '528.801.3110', 'Jones.Clotilde@Rosenbaum.com', '0279 Angelita Stravenue', 'East Cristal', 'Aruba', 62154),
(20, 'Abshire-Nikolaus', '1-482-957-2794', 'Tremblay.Tracy@Block.com', '309 Cole Unions', 'Greenville', 'Bahamas', 18662),
(21, 'Conroy-Funk', '00475619011', 'Cathrine.Kulas@Denesik.com', '636 Johns Mission Suite 877', 'Stantonton', 'Cape Verde', 41164),
(22, 'Bode, Kemmer and Lindgren', '04629396377', 'Connor.Koepp@Von.com', '4331 Terry Bypass', 'East Dariusburgh', 'Seychelles', 92081),
(23, 'Collier, Oberbrunner and Schuppe', '044.198.3536', 'fMacejkovic@yahoo.com', '915 Runolfsson Cape', 'South Willowton', 'Micronesia', 84292),
(24, 'Collins, Prohaska and Fahey', '(351)561-7201', 'Ziemann.Dillon@Flatley.biz', '772 Fay Path Suite 156', 'Zeldaburgh', 'Moldova', 66682),
(25, 'Bahringer and Sons', '+53(2)4559305178', 'Wuckert.Hilario@hotmail.com', '267 Alyce Junction', 'Lake Coraliefort', 'Malta', 82233),
(26, 'Satterfield-Jast', '310.186.2755x87689', 'Harvey.Madyson@gmail.com', '456 Ardella Inlet', 'North Benny', 'Algeria', 45728),
(27, 'Senger, DuBuque and Cummings', '1-780-193-8821x937', 'Casper.Raymundo@hotmail.com', '1020 Emily Mountain', 'South Sammieton', 'United Kingdom', 5957),
(28, 'Wehner, Hoeger and Schroeder', '884-378-6673x841', 'gKeebler@Bernier.com', '8519 Giovanny Mews Suite 344', 'Herminastad', '', 721),
(29, 'Schimmel Group', '913.383.3282x0485', 'Thelma.OKeefe@gmail.com', '18040 Neal Parks', 'Kiehnside', 'Luxembourg', 98936),
(30, 'Ankunding PLC', '04659631174', 'iLeannon@yahoo.com', '8505 Tiara View Apt. 849', 'Lake Werner', 'Anguilla', 98411),
(31, 'Zemlak Ltd', '(758)001-1318', 'Friesen.Arnaldo@Schroeder.info', '2323 Koss Crossroad Suite 990', 'Brownborough', 'Madagascar', 14884),
(32, 'Barton, Cremin and Legros', '(218)654-1895', 'Daniela44@hotmail.com', '61352 Taylor Club', 'Greenhaven', 'Martinique', 72033),
(33, 'Schmeler Ltd', '216-599-7840x998', 'sEffertz@Wisoky.info', '8482 Price Road Suite 404', 'O\'Connerchester', 'Equatorial Guinea', 41035),
(34, 'Christiansen-Langworth', '588.670.4874x38425', 'Daphnee.OReilly@Jast.net', '5594 Farrell Trail', 'Watsonbury', 'Honduras', 98170),
(35, 'Tillman, Koch and Connelly', '145-163-4979x1642', 'Powlowski.Elza@Feest.info', '', 'Lake Hilma', 'Sao Tome and Principe', 22892),
(36, 'Shanahan and Sons', '+37(3)4360397651', 'Donavon.Dach@gmail.com', '', '', 'Canada', 5284),
(37, 'Crooks-Dibbert', '(341)039-2964x4714', 'qZulauf@gmail.com', '8298 Walsh Mountains Apt. 826', 'West Ebbamouth', 'Cambodia', 40174),
(38, 'Howell-Gusikowski', '250.214.4842x5133', 'Bruen.Lacey@Collier.com', '54932 Verona Springs', 'Victorfort', 'Belgium', 10404),
(39, 'Keebler, Bayer and Dicki', '(991)499-3776x674', 'uJohns@yahoo.com', '5631 Bogisich Fork', 'Port Brendon', 'Moldova', 64788),
(40, 'Kling-Crist', '(946)723-7106x061', 'nLowe@Olson.org', '88262 Emery Point', 'Ferrychester', 'Peru', 64869),
(41, 'Torp-Moore', '1-867-300-7886x7623', 'Adele.Nitzsche@yahoo.com', '', 'Kenyamouth', 'Liechtenstein', 44319),
(42, 'Volkman, Schinner and Kerluke', '958.298.1521', 'Jakob93@yahoo.com', '18805 Shields Circle Suite 263', 'South Halleton', 'Ecuador', 8920),
(43, 'Ankunding-Koepp', '(920)007-5815', 'Jayde.Von@yahoo.com', '946 Giovani Keys', 'West Joy', '', 26378),
(44, 'Gusikowski, Littel and Lakin', '067.349.6806x94007', 'Powlowski.Abby@Toy.com', '92425 Angelita Vista', 'Sheridanshire', '', 47357),
(45, 'Beier Group', '813.797.1105', 'Cleo15@yahoo.com', '109 Jakubowski Square Apt. 420', 'VonRuedenton', 'Niger', 80594),
(46, 'Homenick LLC', '259-024-7001x609', 'fRosenbaum@yahoo.com', '129 Douglas Junctions Suite 577', 'New Wanda', 'Grenada', 11980),
(47, 'Schulist, Cummings and Mitchell', '625.232.1244x711', 'Leif.Skiles@hotmail.com', '1704 Candice Skyway', 'Schoenmouth', 'Jersey', 26428),
(48, 'Green and Sons', '995-405-6534x3156', 'eSchuster@Considine.net', '358 America Heights Apt. 343', 'Lake Renee', 'British Indian Ocean Territory (Chagos Archip', 9759),
(49, 'West-Abshire', '(922)556-9351', 'pMante@gmail.com', '67750 Issac Mountain Apt. 076', 'Christinemouth', 'Azerbaijan', 79546),
(50, 'Willms Inc', '+82(9)6767777620', 'hKohler@hotmail.com', '', 'Boydborough', 'Hong Kong', 26028),
(51, 'Feest-Bechtelar', '(531)667-4101', 'Ashtyn69@Brown.com', '92900 Bridgette Plaza', 'Brianberg', 'Zimbabwe', 82155),
(52, 'Grimes, Mayert and Bartoletti', '397-895-8640', 'Lucy.Champlin@hotmail.com', '9404 Willms Park', 'West Alfonzoshire', 'Taiwan', 61224),
(53, 'Wilderman LLC', '(218)004-0251x3442', 'fBoyle@yahoo.com', '4405 Chanelle Hill', 'Hauckborough', 'Vietnam', 31605),
(54, 'Thiel, Macejkovic and Treutel', '815-125-1724x397', 'Raphaelle.Hammes@gmail.com', '677 Kunze Camp Apt. 421', 'Meredithton', 'Kyrgyz Republic', 55883),
(55, 'O\'Connell and Sons', '(978)502-6537', 'dCarroll@gmail.com', '8959 Danielle Pines', 'Williamsonborough', 'Pakistan', 42715),
(56, 'Eichmann Group', '(339)235-1874', 'Thiel.Fabiola@hotmail.com', '60972 Osbaldo Run', 'Port Daltonmouth', 'Palestinian Territory', 69353),
(57, 'Denesik Ltd', '046-977-8051x9154', 'Demarcus61@gmail.com', '28468 Kaelyn Walk', 'North Pascale', 'Libyan Arab Jamahiriya', 94426),
(58, 'Hoeger, Little and Koepp', '210.997.9814', 'Jason72@Orn.com', '6187 Kertzmann Streets Apt. 801', 'Millerfort', 'Dominican Republic', 53244),
(59, 'Bechtelar-Oberbrunner', '919.691.2316x38506', 'iStrosin@Towne.com', '041 Feil Spurs Apt. 069', 'Raymundobury', 'Indonesia', 34487),
(60, 'Gaylord-Boyle', '683-425-3182x294', 'Ida85@yahoo.com', '579 Hahn Summit', 'New Natmouth', 'Lebanon', 91592),
(61, 'Gorczany-O\'Keefe', '(988)285-3672', 'qHamill@gmail.com', '05887 Wilderman Crescent Suite 322', 'Spencerfort', 'Jamaica', 57552),
(62, 'Ward-Predovic', '697-433-0788x48939', 'fRoberts@hotmail.com', '', 'Fatimaville', 'Denmark', 48514),
(63, 'Bailey, Schmeler and Roob', '04515420349', 'Augustine.Tremblay@Crooks.com', '50848 Leon Vista', '', 'Brunei Darussalam', 7627),
(64, 'Rohan-Trantow', '07422265919', 'Jonathan.Walsh@hotmail.com', '35486 Rempel Divide', 'Ursulaport', '', 46882),
(65, 'Kemmer, King and Kuhlman', '1-928-725-6012x3612', 'zBoehm@gmail.com', '434 Wolf Gardens', 'South Jarret', 'Mexico', 10497),
(66, 'Grimes Inc', '1-441-411-7743x015', 'Nelda14@Brakus.com', '43806 Kariane Manor Apt. 971', 'Wilkinsonfort', 'Belize', 2434),
(67, 'Beier, Gusikowski and Beer', '09627897382', 'vMitchell@hotmail.com', '0395 Oda Falls Suite 625', 'Mateoshire', 'Palau', 78595),
(68, 'Gislason-Abernathy', '054.850.3710', 'Bruen.Noelia@Jones.com', '494 Abbott Haven Apt. 410', 'North Anjaliport', 'Mauritius', 45133),
(69, 'Kihn, Carter and Sporer', '1-719-485-8318x4245', 'yKuhn@Wolff.net', '19395 Ondricka Station Apt. 237', 'Jerdetown', 'Suriname', 26474),
(70, 'Fritsch-Lubowitz', '1-269-764-4371', 'Schuppe.Lolita@Weber.com', '3279 Cassin Well Suite 851', 'Reichertbury', 'Namibia', 46875),
(71, 'Wisoky Ltd', '676.678.0963x8723', 'McLaughlin.Raegan@Roberts.biz', '37342 Laverna Circle', 'Garretfurt', 'India', 36213),
(72, 'Reynolds LLC', '1-277-983-3676x237', 'mKris@Jacobson.com', '753 Lori Bypass', 'Gutmannport', 'Saint Pierre and Miquelon', 14390),
(73, 'West-Pollich', '1-034-923-3489x9895', 'Hosea68@Botsford.com', '6092 Hermiston Parks', 'Kuhlmanland', 'Burundi', 75465),
(74, 'Pacocha Ltd', '280.144.3264', 'McDermott.Citlalli@yahoo.com', '79919 Steuber Mountains Apt. 264', 'Elmofort', '', 86775),
(75, 'Schulist Inc', '(504)088-8231', 'Shana42@gmail.com', '602 Dana Rest Apt. 319', 'Agustinmouth', 'Canada', 15296),
(76, 'Wisozk Ltd', '1-725-388-1462', 'wMedhurst@Glover.com', '62680 Mills Lodge', 'Conroymouth', 'Burkina Faso', 54787),
(77, 'Grant, Ankunding and Hackett', '1-322-030-8411x77503', 'Mertz.Chelsie@yahoo.com', '123 Pagac Tunnel Apt. 120', 'Durganbury', 'Sudan', 1864),
(78, 'Eichmann Ltd', '1-293-312-4548x3488', 'Mason33@yahoo.com', '67621 Turcotte Cliffs Apt. 229', 'Port Carmellaland', 'Iraq', 8549),
(79, 'Jerde PLC', '+37(1)5824047815', 'Otto69@yahoo.com', '07484 Sebastian Squares', 'Davischester', 'Malaysia', 16520),
(80, 'Ondricka, Ruecker and Gusikowski', '1-361-248-9850x560', 'Diego82@Moen.com', '1112 Effie Corners Apt. 637', 'McGlynnview', 'Montserrat', 89474),
(81, 'Osinski PLC', '02396791716', 'Clyde.Nikolaus@Schmitt.com', '6147 Medhurst Burg Suite 509', 'Quigleyville', 'Uganda', 75265),
(82, 'Spencer Inc', '003.874.7640x62704', 'Priscilla59@Wiza.net', '1520 Schaefer Turnpike Apt. 810', 'Jacobsmouth', '', 97492),
(83, 'DuBuque, Gorczany and Ankunding', '720.782.3973', 'Marlee10@yahoo.com', '4369 Lesch Coves', 'Port Don', 'Armenia', 26701),
(84, 'Wilkinson-Marvin', '965-295-6152x02353', 'Sally.Wintheiser@Glover.com', '9785 Rosetta Isle', 'East Thalia', 'Jersey', 82035),
(85, 'Davis, Moen and O\'Conner', '461.295.1239', 'Keith66@Marquardt.com', '546 Kerluke Point Apt. 985', 'Ondrickamouth', 'Iran', 19562),
(86, 'Kozey, Schroeder and McClure', '08528337987', 'jKunde@Bogan.com', '3004 Cordell Park', 'Naderhaven', 'Madagascar', 62994),
(87, 'Emmerich, Skiles and Ledner', '1-777-901-2865', 'Berry78@Oberbrunner.org', '8747 Wilderman Fork Suite 859', '', 'Bahamas', 84109),
(88, 'Bernier, Schmidt and Mante', '+03(1)9951697193', 'yGulgowski@yahoo.com', '366 Emma Inlet Apt. 844', 'East Jayce', 'Malta', 22277),
(89, 'O\'Connell Group', '(783)017-4939', 'Hodkiewicz.Velva@gmail.com', '1748 Gislason Crescent', 'North Sabrinaborough', '', 79708),
(90, 'McLaughlin Group', '402.518.8471', 'Alexa92@Farrell.com', '2257 Gregoria Drive Suite 312', 'Ressieshire', 'Israel', 24392),
(91, 'McLaughlin, Larkin and Bergnaum', '670-806-3375x2932', 'bLeffler@Gusikowski.com', '', 'Port Alexandra', 'Saint Martin', 5834),
(92, 'Deckow, Pouros and Wuckert', '1-307-860-4814x33864', 'Otha.Reynolds@yahoo.com', '8123 Bo Neck Suite 158', 'New Brionna', '', 54357),
(93, 'Kohler-Williamson', '558-248-9547', 'Jose56@yahoo.com', '124 Kelli Lock Apt. 673', 'Port Metaville', 'Israel', 19280),
(94, 'Schmitt, Koch and Conn', '1-480-565-4210', 'yLowe@yahoo.com', '61868 Purdy Lodge Suite 609', 'Brakusview', 'Oman', 15085),
(95, 'Cronin and Sons', '678.961.2794x8395', 'Lonnie79@hotmail.com', '6442 Grady Passage', 'New Corineview', 'Panama', 48830),
(96, 'Dickens-Jaskolski', '634-984-8185', 'Chase.Romaguera@gmail.com', '39684 O\'Keefe Mission Apt. 875', 'Toyland', 'Kuwait', 4764),
(97, 'Mante, Pollich and Jones', '379.176.5270', 'jStark@Goldner.org', '76300 Stokes Hill Suite 508', 'Port Arnoldmouth', '', 20049),
(98, 'Schoen-Terry', '103-544-6692x260', 'pRice@yahoo.com', '147 Raphaelle Forge', 'Lake Mattieberg', 'Falkland Islands (Malvinas)', 99444),
(99, 'Vandervort LLC', '(011)600-7157x476', 'hZulauf@Hessel.com', '00867 Volkman Plains', 'Kielborough', 'Pakistan', 84571),
(100, 'Trantow-Parisian', '564.389.1889', 'Smith.Brice@Carter.com', '33549 Ortiz Field', 'North Kevon', 'Costa Rica', 58117),
(101, 'Jacobs LLC', '286.466.5055x608', 'lDibbert@Kuvalis.com', '', 'Holdenton', 'Saint Barthelemy', 18200),
(102, 'Rau PLC', '373.645.0888x414', 'Thad.Eichmann@gmail.com', '51596 Jacquelyn Union Apt. 792', 'South Frieda', 'Iceland', 65047),
(103, 'Kozey, Monahan and Ryan', '994.755.1842x661', 'Taurean07@hotmail.com', '1339 Crooks Court Suite 079', 'Mannburgh', 'Turkey', 64566),
(104, 'Osinski, Braun and Howell', '118.830.0642x66433', 'fReinger@Monahan.com', '066 Nolan Falls', 'Hillsburgh', 'Belize', 42940),
(105, 'Lebsack LLC', '814.766.8220', 'Brain81@Hirthe.biz', '8917 Howell Mountain Apt. 403', 'West Lonieshire', 'Romania', 31389),
(106, 'Satterfield, Veum and Beier', '401-166-5684', 'Velma45@gmail.com', '29883 Danyka Spring Apt. 601', 'Botsfordview', '', 32684),
(107, 'Bergstrom LLC', '+75(3)3954804473', 'dJerde@yahoo.com', '03320 Roob Mount Suite 046', '', 'Hungary', 19879),
(108, 'Satterfield, Wyman and Okuneva', '233.459.0511x275', 'Reva.Kovacek@hotmail.com', '9860 Elvis Plain Apt. 219', 'Borermouth', 'Eritrea', 69694),
(109, 'Mayert Inc', '1-675-237-9473x2353', 'Peggie26@Champlin.net', '4610 Drew Turnpike Suite 753', 'Lebsackchester', 'Guernsey', 50624),
(110, 'Breitenberg, Wisozk and Vandervort', '1-745-715-9991x74191', 'Cathy33@hotmail.com', '85997 Brad Garden Apt. 418', 'North Alize', 'Kyrgyz Republic', 16875),
(111, 'Hilll, Lueilwitz and Pacocha', '927.148.5665x56202', 'Jaiden.Schuster@yahoo.com', '735 Maxie Meadows Apt. 092', 'West Karleefort', 'Dominica', 46083),
(112, 'Vandervort LLC', '1-375-678-2102', 'Victor33@Barrows.com', '950 Glover River', 'Bridgetberg', 'Faroe Islands', 54035),
(113, 'Schimmel, Powlowski and Hand', '750-665-1386x8666', 'nLarson@yahoo.com', '60474 Arch Wells Apt. 261', 'South Lacy', 'Bhutan', 83337),
(114, 'Krajcik Inc', '(021)822-4202', 'Brandy.Cole@Hagenes.com', '116 Aurore Islands Apt. 082', '', 'Suriname', 72981),
(115, 'Runte-Friesen', '1-165-046-3502', 'Eugenia.Fay@Schamberger.biz', '86586 Weissnat Forges Suite 046', 'Naomieville', 'Yemen', 71092),
(116, 'Koss-McClure', '(593)706-6971', 'uMonahan@Rempel.com', '239 Arjun Green Apt. 338', 'Port Leilaland', 'Bouvet Island (Bouvetoya)', 50480),
(117, 'Lemke, Wiza and Gaylord', '1-660-120-3540x5425', 'Dawson.Altenwerth@hotmail.com', '1965 Corwin Canyon Apt. 193', 'Moniqueton', 'South Georgia and the South Sandwich Islands', 43163),
(118, 'Stokes LLC', '+78(6)9675942249', 'Larson.Retta@gmail.com', '7090 Mathias Centers', '', '', 62953),
(119, 'Kulas, Schinner and Reynolds', '1-138-010-2822x8772', 'jKlocko@Vandervort.biz', '8897 Leon Summit', 'Hilpertberg', 'Finland', 48779),
(120, 'Roob Ltd', '+06(0)0570754338', 'dNicolas@Koch.com', '117 Pauline Knolls Suite 524', 'Croninburgh', '', 34934),
(121, 'Jaskolski-Hickle', '514-697-0327', 'Jaclyn38@yahoo.com', '252 Noemie Way', 'Torphyview', 'Cote d\'Ivoire', 58791),
(122, 'Koepp and Sons', '520-857-0235x93365', 'yGibson@Brakus.com', '08372 Gutmann Shoal', 'Robinfurt', 'Romania', 73677),
(123, 'Wyman Ltd', '1-574-753-8150', 'Kaela.Mann@hotmail.com', '18369 Jaleel Roads', 'Caterinachester', 'Mali', 52813),
(124, 'Harris-Block', '404.084.6202', 'Boyle.Lavern@gmail.com', '506 Arturo Glens', 'Patrickshire', 'Slovenia', 84254),
(125, 'King, Luettgen and King', '1-483-407-0583x4663', 'jMedhurst@Parker.net', '606 Johnson Mews', 'Port Lueshire', 'United Arab Emirates', 15180),
(126, 'Larson LLC', '339-877-0317x94418', 'Cassin.Marshall@hotmail.com', '', 'Zemlakview', '', 23100),
(127, 'Kuphal-Kirlin', '02708528360', 'Kitty46@Ruecker.info', '3969 Deckow Fords', 'Lake Malika', 'El Salvador', 83372),
(128, 'Bartoletti, Olson and Lindgren', '955.942.4893x760', 'wStroman@Collins.biz', '66538 Skyla Inlet', 'New Tyriquehaven', 'Spain', 48460),
(129, 'Jakubowski-Fritsch', '679.960.6183', 'Sabina93@yahoo.com', '423 Drew Extension Suite 397', 'O\'Reillyland', 'Cuba', 58877),
(130, 'Kozey-Lebsack', '1-632-478-9827x2169', 'Morris81@yahoo.com', '51835 Fritz Plain', 'Gabrielletown', 'Afghanistan', 47124),
(131, 'Johns-Bins', '456.730.5092x38796', 'Angeline06@gmail.com', '460 Jerald Prairie Apt. 632', 'Waltonbury', 'Libyan Arab Jamahiriya', 77839),
(132, 'Zemlak, Yost and Marvin', '(155)874-9951x5789', 'Hartmann.Keshawn@gmail.com', '95652 Rippin Stravenue Apt. 510', 'South Olen', 'Mauritius', 10402),
(133, 'Konopelski Group', '042.424.8742', 'Sawayn.Cornelius@Hyatt.com', '85037 Barrows Circles', 'Port Traceyfort', 'Namibia', 67354),
(134, 'Schoen, Leannon and Yost', '1-267-401-9767x125', 'uWest@Kilback.info', '53645 Kozey Alley', 'North Fanniemouth', 'Mongolia', 45901),
(135, 'Spinka, Blanda and Bogan', '02459203753', 'Cassin.Karina@Schultz.com', '7689 Julie Stravenue', 'Terrenceton', 'American Samoa', 53489),
(136, 'Koss and Sons', '1-295-696-0021x552', 'Lind.Eleanora@yahoo.com', '15058 Davon Mill', 'Robelview', 'Panama', 2668),
(137, 'DuBuque, Hahn and Ward', '1-500-959-6911x197', 'Bernhard05@yahoo.com', '1851 Hauck Neck Apt. 894', '', '', 19987),
(138, 'Powlowski-Lemke', '+61(6)4528657418', 'Mallie51@OConner.com', '10417 Delphia Rapid Apt. 470', 'Taliafort', 'New Caledonia', 45360),
(139, 'Lueilwitz LLC', '450.971.7751x3499', 'gCassin@hotmail.com', '05610 Ardella Corner Suite 133', 'East Keanu', 'Benin', 83115),
(140, 'Lakin and Sons', '+17(6)0803888717', 'Florence23@yahoo.com', '0250 Charlotte Lodge Apt. 288', 'Giovannyborough', '', 7967),
(141, 'Breitenberg PLC', '605.295.2340', 'Kilback.Maribel@hotmail.com', '3830 Sauer Motorway Apt. 260', 'East Odellhaven', 'French Polynesia', 34959),
(142, 'Weber-Erdman', '00293102520', 'Mortimer97@King.org', '8281 Trevor Brook Suite 441', 'Sandrineville', 'Antarctica (the territory South of 60 deg S)', 45305),
(143, 'Sporer, Fadel and Mueller', '1-889-046-3431x586', 'tStamm@Wilkinson.com', '', 'South Noblestad', 'Bahamas', 19699),
(144, 'Jast, O\'Kon and Nienow', '428-124-7294x00190', 'Brenden56@gmail.com', '55778 Walker Corners', 'North Melba', 'Marshall Islands', 31368),
(145, 'Jacobson-McLaughlin', '1-072-610-2416x494', 'iKoelpin@gmail.com', '64155 Turner Greens Suite 891', 'Edwintown', 'Netherlands Antilles', 82759),
(146, 'Bernhard, Wilkinson and Kuhic', '1-188-576-0273', 'Betsy.Wilderman@gmail.com', '0132 Pacocha Cove Apt. 126', '', 'Portugal', 79741),
(147, 'Bailey, O\'Hara and Dooley', '+97(1)2856621186', 'Harvey.Rocio@Lehner.biz', '6825 Tyrel Port Suite 919', '', 'Congo', 64239),
(148, 'Morissette Group', '(644)586-9236', 'Fadel.Owen@gmail.com', '916 Graham Extension', 'Landenville', 'New Caledonia', 90066),
(149, 'Torp, Baumbach and Dietrich', '+89(0)1303715059', 'Heaven39@gmail.com', '56587 Stella Mountain', 'Port Alva', 'Macedonia', 5983),
(150, 'Hintz, Predovic and O\'Keefe', '(694)510-2316', 'Maymie36@Satterfield.com', '13351 Auer Burg Suite 540', 'Ewaldberg', 'Turkey', 31400),
(151, 'Bogan Inc', '404.681.0429x300', 'Timmy83@Schoen.com', '84747 Mariela Circles Apt. 175', 'Amelieside', 'Tajikistan', 74111),
(152, 'Runolfsson-Wintheiser', '(565)639-9184x261', 'Swift.Caesar@Quigley.biz', '6113 Lizeth Parks Apt. 451', 'Port Jalenfort', 'Trinidad and Tobago', 37353),
(153, 'Harris, Carroll and Gleason', '306.668.5715x262', 'uWiegand@yahoo.com', '7936 Aliya Fall', 'Fletchermouth', 'Falkland Islands (Malvinas)', 16207),
(154, 'Johnston-Runte', '424.317.7625x5327', 'Lawson.Wiegand@Schaefer.org', '9234 Terry Inlet', 'Port Johann', '', 27263),
(155, 'Breitenberg Ltd', '01062964316', 'Damien84@hotmail.com', '654 Sarah Plains Apt. 858', '', 'Guyana', 63613),
(156, 'Bechtelar PLC', '(675)459-0966x19935', 'Glover.Cullen@hotmail.com', '548 Florence Alley Suite 740', 'East Claudineside', 'Germany', 88613),
(157, 'Daugherty-Swaniawski', '003-467-5502x3150', 'Rau.Pasquale@Nitzsche.biz', '9868 Clifton Lane Apt. 455', 'West Pattie', 'Oman', 91482),
(158, 'Bruen PLC', '1-000-770-5121x550', 'wLehner@yahoo.com', '0054 Lea Branch', 'Torpborough', 'Saint Helena', 12124),
(159, 'Hodkiewicz-Kunde', '1-004-961-2870x543', 'Donald73@gmail.com', '1949 Zboncak Creek', 'North Kailyn', 'Egypt', 55990),
(160, 'Shields and Sons', '+43(7)7301615016', 'Ed54@Effertz.com', '4430 Charlotte Stravenue', 'Sauerhaven', 'Suriname', 70731),
(161, 'Stamm LLC', '02853166627', 'Newton71@Schroeder.org', '', '', 'Guadeloupe', 30105),
(162, 'Lockman Ltd', '670-915-2665x3100', 'Bernhard.Lilyan@yahoo.com', '939 Davis Lakes Suite 530', 'Dinoville', 'United Arab Emirates', 29503),
(163, 'Funk, Fahey and Kshlerin', '453.101.3967x219', 'Greenfelder.Morris@Cummerata.com', '', 'Kutchburgh', 'Armenia', 28971),
(164, 'Schinner and Sons', '314-525-0161x065', 'pKautzer@Bauch.com', '40320 Schuppe Street', 'West Raul', '', 57160),
(165, 'Pouros, Towne and Schuppe', '03461531385', 'Susie.Fahey@Reilly.net', '52992 Swift Manors Suite 908', '', 'Togo', 62437),
(166, 'Wehner-Shields', '690-440-3373x047', 'wHills@Gorczany.biz', '787 Champlin Rapids', 'Charitytown', 'Bolivia', 84822),
(167, 'Johns, Klocko and O\'Connell', '1-987-149-7702x1715', 'Rippin.Tillman@Kirlin.org', '88207 Wilber Dam', 'Murphyfurt', 'Cameroon', 61110),
(168, 'Senger-Kuvalis', '06369729178', 'Tyree.Bartoletti@yahoo.com', '61738 Aliya Falls Suite 653', 'New Anitamouth', 'French Polynesia', 40430),
(169, 'Hermann-Bergnaum', '326.283.0351', 'Sigurd29@Brekke.com', '588 Madaline Vista Suite 664', 'New Pattie', 'Belize', 26105),
(170, 'Brekke, Kunde and Stamm', '1-498-805-0059', 'Forest70@hotmail.com', '4979 O\'Connell Circle Suite 203', 'West Regan', 'Georgia', 68366),
(171, 'Baumbach, Price and Beatty', '+41(4)4136230918', 'Lemuel.Bogisich@Simonis.com', '95378 Kris Ways Suite 717', 'Lindseyview', '', 58316),
(172, 'Konopelski LLC', '04090988859', 'Bergnaum.Daisha@gmail.com', '06376 Price Ferry', 'Lake Alfville', 'Grenada', 10464),
(173, 'Emmerich, Beer and Green', '1-084-152-5265x4632', 'Macie36@hotmail.com', '347 Lakin Key', 'West Jordaneberg', 'French Guiana', 73686),
(174, 'Hartmann, Dare and Bauch', '348.605.6118x656', 'kLebsack@yahoo.com', '297 Hagenes Mission', 'West Pearlinemouth', 'Mongolia', 29159),
(175, 'Graham-Hoppe', '+33(7)6524231781', 'Jamarcus.Funk@hotmail.com', '1395 Shannon Plaza', 'McLaughlinport', 'Pakistan', 22241),
(176, 'Spinka, Okuneva and Sauer', '(286)481-5501x6363', 'Collin77@Nolan.net', '988 Keeling Bypass', '', 'Zambia', 80585),
(177, 'McDermott Ltd', '+75(4)7070622375', 'Altenwerth.Tommie@Predovic.com', '4349 Tremblay Bridge Suite 827', 'Lake Velva', 'Brunei Darussalam', 10770),
(178, 'Grimes-Wolf', '1-035-698-1249', 'Schinner.Jayme@yahoo.com', '09568 Abshire Flat', 'West Alvahfort', 'Poland', 91357),
(179, 'Leannon, Davis and Kuvalis', '1-286-842-4223', 'Yadira89@Crist.org', '57866 Maverick Knolls Suite 423', 'South Kenhaven', 'Lao People\'s Democratic Republic', 94311),
(180, 'O\'Connell-Wolf', '+84(3)4616051273', 'Bettye.Raynor@Leuschke.biz', '857 Howe Estates Suite 515', 'North Katelyn', 'Falkland Islands (Malvinas)', 51327),
(181, 'Schuster, Keeling and Grimes', '738-583-7558', 'Alyson32@yahoo.com', '000 Heidenreich Plaza', 'Laurelview', 'Dominica', 14890),
(182, 'Rutherford LLC', '(763)894-6443', 'Aliya37@Mraz.net', '214 Gottlieb Village Suite 297', 'Lake Amiyamouth', 'Burkina Faso', 77770),
(183, 'Quitzon-Langworth', '(750)102-1046x41358', 'Ebert.Elvera@gmail.com', '2225 Xzavier Plaza Apt. 389', 'Armstrongton', 'British Indian Ocean Territory (Chagos Archip', 75824),
(184, 'Kling Inc', '(130)128-3073x31260', 'Gaetano.Smitham@hotmail.com', '651 Waters Rest Suite 286', 'Metzborough', 'Marshall Islands', 26417),
(185, 'Leannon-Goyette', '(791)929-4619', 'yWisoky@Stoltenberg.info', '34156 Labadie Shores', 'Carolynestad', 'Honduras', 59411),
(186, 'Armstrong, Volkman and Leuschke', '(229)861-9359x3546', 'uRenner@Reinger.biz', '37962 Lehner Fork Apt. 248', 'North Normafurt', 'Finland', 3877),
(187, 'Lang-O\'Conner', '404.007.9487x2577', 'Trevor47@Schinner.biz', '16380 Roberts Highway Apt. 141', '', 'Niue', 99196),
(188, 'Ryan, Turner and Koch', '1-305-968-3815', 'cKlein@hotmail.com', '301 Stark Fort Apt. 169', 'Gladyceshire', 'Spain', 24750),
(189, 'Von Ltd', '05584132654', 'Dicki.Darion@gmail.com', '93628 Arlo Plains Suite 450', '', 'Chad', 45939),
(190, 'Ziemann-Walter', '(074)545-4574x881', 'McLaughlin.Tess@hotmail.com', '0036 Lacey Courts Apt. 354', 'North Jerodland', 'French Polynesia', 62964),
(191, 'Robel PLC', '621.248.0869x7964', 'Melody49@hotmail.com', '', 'Tevinville', 'Belize', 41746),
(192, 'O\'Hara-Jast', '1-543-532-0263', 'zLittle@yahoo.com', '', 'Port Micaelaborough', 'Uruguay', 52849),
(193, 'O\'Kon PLC', '819-089-0069x785', 'Meagan76@Ernser.biz', '37061 Abshire Crossing', '', '', 99631),
(194, 'Reichel LLC', '256-995-4153x200', 'Parisian.Llewellyn@gmail.com', '250 Daugherty Bridge', 'Lake Emanuelside', 'Mali', 20717),
(195, 'Renner-Quitzon', '(998)977-5975', 'Angelina.Homenick@yahoo.com', '467 Leonardo Estates Apt. 655', 'Zboncakville', 'Haiti', 48732),
(196, 'Spinka, White and Torp', '08754266724', 'Nola.Halvorson@Miller.org', '295 Vladimir Parkways', 'North Magdalenville', 'Uganda', 44517),
(197, 'Bauch Group', '1-320-065-2746x0400', 'Kamron61@gmail.com', '167 Heber Flat', 'Kacietown', 'South Africa', 48997),
(198, 'Douglas Group', '754-575-0509x821', 'Ozella60@Harber.info', '938 Jayce Mission', 'Beahanport', 'Cape Verde', 29589),
(199, 'Keebler, Lockman and Bogan', '(644)811-5137x24661', 'Lemke.Jay@Heaney.com', '5679 Jared Plains Apt. 172', 'Raphaelleland', 'American Samoa', 58335),
(200, 'Veum PLC', '156.318.7356x5677', 'Palma.Armstrong@yahoo.com', '14358 Tomas Plains Apt. 194', 'West Laurine', 'British Virgin Islands', 59985),
(201, 'Huels PLC', '+81(1)8923180139', 'aBatz@hotmail.com', '7844 Eldred Islands', 'Alisaberg', 'Svalbard & Jan Mayen Islands', 44455),
(202, 'Wilderman, Carter and Hansen', '1-418-715-0859', 'Napoleon66@Bashirian.com', '2270 Lyda Corner', 'Imogeneview', 'Lesotho', 81612),
(203, 'Klein, Toy and Larson', '039.237.9452x4344', 'Pearlie54@yahoo.com', '', 'East Loraine', 'South Georgia and the South Sandwich Islands', 71770),
(204, 'Feeney-Spinka', '1-782-033-3739x488', 'Yasmeen68@yahoo.com', '', 'Jastbury', 'Serbia', 55174),
(205, 'Dach-Harber', '026-256-7005x60167', 'Legros.Danyka@yahoo.com', '65433 Schroeder Turnpike', 'West Rey', '', 33619);

-- --------------------------------------------------------

--
-- Table structure for table `transaction`
--

DROP TABLE IF EXISTS `transaction`;
CREATE TABLE `transaction` (
  `id` int(11) NOT NULL,
  `employee_id` int(11) DEFAULT NULL,
  `office_id` int(11) DEFAULT NULL,
  `datelog` datetime DEFAULT current_timestamp(),
  `action` enum('IN','OUT','COMPLETE') COLLATE utf8mb4_unicode_ci DEFAULT NULL,
  `remarks` varchar(100) COLLATE utf8mb4_unicode_ci DEFAULT NULL,
  `documentcode` varchar(45) COLLATE utf8mb4_unicode_ci NOT NULL
) ENGINE=InnoDB DEFAULT CHARSET=utf8mb4 COLLATE=utf8mb4_unicode_ci;

--
-- Dumping data for table `transaction`
--

INSERT INTO `transaction` (`id`, `employee_id`, `office_id`, `datelog`, `action`, `remarks`, `documentcode`) VALUES
(1, 3, 1, '2022-03-19 09:55:16', 'IN', NULL, '100'),
(2, 3, 2, '2022-03-19 09:55:37', 'OUT', NULL, '100'),
(3, 3, 1, '2022-03-19 09:55:53', 'COMPLETE', NULL, '100'),
(4, 3, 1, '2022-03-19 09:55:30', 'OUT', 'Signed', '100'),
(5, 3, 2, '2022-03-19 09:55:32', 'IN', 'For approval', '100'),
(6, 2, 3, '2022-03-19 09:55:17', 'IN', NULL, '101'),
(7, 2, 3, '2022-03-19 09:59:16', 'OUT', NULL, '101'),
(8, 10, 4, '2022-12-21 08:46:10', 'IN', 'Pending', '104'),
(9, 5, 6, '2022-12-21 08:46:10', 'IN', 'n', '104'),
(10, 4, 3, '2022-12-21 08:46:10', 'OUT', '', '107'),
(11, 9, 2, '2022-12-21 08:46:10', 'COMPLETE', '', '110'),
(12, 9, 3, '2022-12-21 08:46:10', 'COMPLETE', '', '108'),
(13, 5, 2, '2022-12-21 08:46:10', 'OUT', '', '101'),
(14, 4, 2, '2022-12-21 08:46:10', 'OUT', '', '108'),
(15, 9, 7, '2022-12-21 08:46:10', 'IN', '', '101'),
(16, 5, 3, '2022-12-21 08:46:10', 'OUT', '', '103'),
(17, 8, 2, '2022-12-21 08:46:10', 'IN', '', '109'),
(18, 6, 7, '2022-12-21 08:46:10', 'COMPLETE', '', '108'),
(19, 1, 7, '2022-12-21 08:46:10', 'OUT', '', '106'),
(20, 10, 4, '2022-12-21 08:46:10', 'IN', '', '100'),
(21, 1, 1, '2022-12-21 08:46:10', 'IN', '', '108'),
(22, 8, 5, '2022-12-21 08:46:10', 'IN', '', '100'),
(23, 6, 9, '2022-12-21 08:46:10', 'IN', '', '106'),
(24, 8, 2, '2022-12-21 08:46:10', 'COMPLETE', '', '110'),
(25, 2, 10, '2022-12-21 08:46:10', 'IN', '', '100'),
(26, 6, 10, '2022-12-21 08:46:10', 'COMPLETE', '', '105'),
(27, 1, 8, '2022-12-21 08:46:10', 'IN', '', '105'),
(28, 7, 6, '2022-12-21 08:46:10', 'IN', '', '109'),
(29, 10, 5, '2022-12-21 08:46:10', 'IN', '', '104'),
(30, 9, 4, '2022-12-21 08:46:10', 'COMPLETE', '', '101'),
(31, 3, 5, '2022-12-21 08:46:10', 'OUT', '', '103'),
(32, 6, 1, '2022-12-21 08:46:10', 'IN', '', '101'),
(33, 5, 2, '2022-12-21 08:46:10', 'IN', '', '101'),
(34, 2, 2, '2022-12-21 08:46:10', 'IN', '', '107'),
(35, 5, 8, '2022-12-21 08:46:10', 'COMPLETE', '', '102'),
(36, 9, 3, '2022-12-21 08:46:10', 'OUT', '', '100'),
(37, 3, 10, '2022-12-21 08:46:10', 'OUT', '', '105'),
(38, 1, 6, '2022-12-21 08:46:10', 'COMPLETE', '', '103'),
(39, 8, 5, '2022-12-21 08:46:10', 'OUT', '', '101'),
(40, 6, 3, '2022-12-21 08:46:10', 'OUT', '', '103'),
(41, 2, 1, '2022-12-21 08:46:10', 'COMPLETE', '', '100'),
(42, 1, 5, '2022-12-21 08:46:10', 'OUT', '', '101'),
(43, 9, 5, '2022-12-21 08:46:10', 'OUT', '', '103'),
(44, 3, 4, '2022-12-21 08:46:10', 'COMPLETE', '', '110'),
(45, 9, 3, '2022-12-21 08:46:10', 'COMPLETE', '', '107'),
(46, 10, 5, '2022-12-21 08:46:10', 'OUT', '', '107'),
(47, 10, 7, '2022-12-21 08:46:10', 'OUT', '', '108'),
(48, 4, 4, '2022-12-21 08:46:10', 'IN', '', '103'),
(49, 2, 1, '2022-12-21 08:46:10', 'OUT', '', '102'),
(50, 6, 2, '2022-12-21 08:46:10', 'OUT', '', '105'),
(51, 3, 3, '2022-12-21 08:46:10', 'IN', '', '103'),
(52, 9, 6, '2022-12-21 08:46:10', 'COMPLETE', '', '107'),
(53, 7, 3, '2022-12-21 08:46:10', 'OUT', '', '110'),
(54, 6, 7, '2022-12-21 08:46:10', 'IN', '', '103'),
(55, 3, 5, '2022-12-21 08:46:10', 'COMPLETE', '', '110'),
(56, 2, 7, '2022-12-21 08:46:10', 'COMPLETE', '', '101'),
(57, 6, 7, '2022-12-21 08:46:10', 'IN', '', '100'),
(58, 2, 7, '2022-12-21 08:46:10', 'OUT', '', '104'),
(59, 10, 9, '2022-12-21 08:46:10', 'OUT', '', '103'),
(60, 3, 5, '2022-12-21 08:46:10', 'OUT', '', '102'),
(61, 7, 8, '2022-12-21 08:46:10', 'IN', '', '105'),
(62, 10, 10, '2022-12-21 08:46:10', 'COMPLETE', '', '106'),
(63, 2, 3, '2022-12-21 08:46:10', 'OUT', '', '109'),
(64, 10, 10, '2022-12-21 08:46:10', 'OUT', '', '106'),
(65, 1, 3, '2022-12-21 08:46:10', 'IN', '', '109'),
(66, 6, 3, '2022-12-21 08:46:10', 'COMPLETE', '', '108'),
(67, 10, 10, '2022-12-21 08:46:10', 'IN', '', '109'),
(68, 7, 5, '2022-12-21 08:46:10', 'IN', '', '102'),
(69, 5, 8, '2022-12-21 08:46:10', 'OUT', '', '106'),
(70, 6, 5, '2022-12-21 08:46:10', 'OUT', '', '110'),
(71, 9, 2, '2022-12-21 08:46:10', 'COMPLETE', '', '104'),
(72, 7, 7, '2022-12-21 08:46:10', 'OUT', '', '108'),
(73, 9, 8, '2022-12-21 08:46:10', 'IN', '', '106'),
(74, 6, 8, '2022-12-21 08:46:10', 'IN', '', '103'),
(75, 9, 7, '2022-12-21 08:46:10', 'COMPLETE', '', '106'),
(76, 4, 7, '2022-12-21 08:46:10', 'OUT', '', '110'),
(77, 6, 9, '2022-12-21 08:46:10', 'IN', '', '106'),
(78, 10, 7, '2022-12-21 08:46:10', 'COMPLETE', '', '109'),
(79, 1, 7, '2022-12-21 08:46:10', 'OUT', '', '100'),
(80, 10, 8, '2022-12-21 08:46:10', 'IN', '', '105'),
(81, 4, 3, '2022-12-21 08:46:10', 'COMPLETE', '', '106'),
(82, 3, 8, '2022-12-21 08:46:10', 'IN', '', '109'),
(83, 6, 1, '2022-12-21 08:46:10', 'COMPLETE', '', '100'),
(84, 5, 4, '2022-12-21 08:46:10', 'IN', '', '105'),
(85, 10, 10, '2022-12-21 08:46:10', 'COMPLETE', '', '107'),
(86, 9, 3, '2022-12-21 08:46:10', 'COMPLETE', '', '110'),
(87, 7, 7, '2022-12-21 08:46:10', 'COMPLETE', '', '108'),
(88, 6, 9, '2022-12-21 08:46:10', 'IN', '', '108'),
(89, 6, 6, '2022-12-21 08:46:10', 'COMPLETE', '', '102'),
(90, 4, 8, '2022-12-21 08:46:10', 'OUT', '', '110'),
(91, 1, 6, '2022-12-21 08:46:10', 'OUT', '', '100'),
(92, 1, 9, '2022-12-21 08:46:10', 'OUT', '', '107'),
(93, 1, 1, '2022-12-21 08:46:10', 'OUT', '', '106'),
(94, 2, 3, '2022-12-21 08:46:10', 'IN', '', '107'),
(95, 10, 2, '2022-12-21 08:46:10', 'IN', '', '108'),
(96, 6, 8, '2022-12-21 08:46:10', 'IN', '', '106'),
(97, 1, 3, '2022-12-21 08:46:10', 'OUT', '', '100'),
(98, 4, 5, '2022-12-21 08:46:10', 'COMPLETE', '', '104'),
(99, 3, 4, '2022-12-21 08:46:10', 'COMPLETE', '', '102'),
(100, 2, 3, '2022-12-21 08:46:10', 'IN', '', '106'),
(101, 10, 6, '2022-12-21 08:46:10', 'COMPLETE', '', '101'),
(102, 10, 2, '2022-12-21 08:46:10', 'OUT', '', '105'),
(103, 6, 6, '2022-12-21 08:46:10', 'COMPLETE', '', '109'),
(104, 9, 2, '2022-12-21 08:46:10', 'OUT', '', '106'),
(105, 5, 5, '2022-12-21 08:46:10', 'OUT', '', '106'),
(106, 10, 9, '2022-12-21 08:46:10', 'OUT', '', '105'),
(107, 4, 4, '2022-12-21 08:46:10', 'OUT', '', '107'),
(108, 2, 3, '2022-12-21 08:46:10', 'COMPLETE', '', '104'),
(109, 8, 7, '2022-12-21 08:46:10', 'COMPLETE', '', '100'),
(110, 10, 8, '2022-12-21 08:46:10', 'OUT', '', '108'),
(111, 3, 4, '2022-12-21 08:46:10', 'COMPLETE', '', '107'),
(112, 3, 1, '2022-12-21 08:46:10', 'COMPLETE', '', '102'),
(113, 1, 2, '2022-12-21 08:46:10', 'COMPLETE', '', '109'),
(114, 10, 10, '2022-12-21 08:46:10', 'COMPLETE', '', '110'),
(115, 9, 10, '2022-12-21 08:46:10', 'OUT', '', '108'),
(116, 6, 4, '2022-12-21 08:46:10', 'COMPLETE', '', '102'),
(117, 4, 8, '2022-12-21 08:46:10', 'OUT', '', '100'),
(118, 4, 9, '2022-12-21 08:46:10', 'COMPLETE', '', '101'),
(119, 2, 9, '2022-12-21 08:46:10', 'COMPLETE', '', '107'),
(120, 4, 2, '2022-12-21 08:46:10', 'IN', '', '104'),
(121, 10, 8, '2022-12-21 08:46:10', 'COMPLETE', '', '105'),
(122, 1, 1, '2022-12-21 08:46:10', 'IN', '', '108'),
(123, 4, 4, '2022-12-21 08:46:10', 'COMPLETE', '', '102'),
(124, 2, 9, '2022-12-21 08:46:10', 'OUT', '', '100'),
(125, 10, 4, '2022-12-21 08:46:10', 'COMPLETE', '', '106'),
(126, 8, 9, '2022-12-21 08:46:10', 'IN', '', '105'),
(127, 2, 10, '2022-12-21 08:46:10', 'COMPLETE', '', '100'),
(128, 4, 5, '2022-12-21 08:46:10', 'IN', '', '107'),
(129, 5, 2, '2022-12-21 08:46:10', 'COMPLETE', '', '100'),
(130, 1, 2, '2022-12-21 08:46:10', 'OUT', '', '110'),
(131, 3, 3, '2022-12-21 08:46:10', 'IN', '', '105'),
(132, 7, 10, '2022-12-21 08:46:10', 'OUT', '', '103'),
(133, 1, 4, '2022-12-21 08:46:10', 'IN', '', '109'),
(134, 7, 4, '2022-12-21 08:46:10', 'COMPLETE', '', '107'),
(135, 7, 10, '2022-12-21 08:46:10', 'OUT', '', '102'),
(136, 1, 6, '2022-12-21 08:46:10', 'COMPLETE', '', '109'),
(137, 3, 4, '2022-12-21 08:46:10', 'IN', '', '100'),
(138, 10, 7, '2022-12-21 08:46:10', 'IN', '', '109'),
(139, 6, 1, '2022-12-21 08:46:10', 'OUT', '', '100'),
(140, 5, 9, '2022-12-21 08:46:10', 'IN', '', '101'),
(141, 2, 5, '2022-12-21 08:46:10', 'COMPLETE', '', '105'),
(142, 2, 2, '2022-12-21 08:46:10', 'COMPLETE', '', '109'),
(143, 2, 7, '2022-12-21 08:46:10', 'COMPLETE', '', '109'),
(144, 9, 2, '2022-12-21 08:46:10', 'OUT', '', '105'),
(145, 4, 7, '2022-12-21 08:46:10', 'COMPLETE', '', '100'),
(146, 6, 5, '2022-12-21 08:46:10', 'IN', '', '105'),
(147, 7, 8, '2022-12-21 08:46:10', 'COMPLETE', '', '109'),
(148, 10, 4, '2022-12-21 08:46:10', 'COMPLETE', '', '107'),
(149, 7, 7, '2022-12-21 08:46:10', 'COMPLETE', '', '108'),
(150, 7, 4, '2022-12-21 08:46:10', 'OUT', '', '104'),
(151, 8, 1, '2022-12-21 08:46:10', 'IN', '', '110'),
(152, 6, 10, '2022-12-21 08:46:10', 'COMPLETE', '', '107'),
(153, 10, 6, '2022-12-21 08:46:10', 'IN', '', '104'),
(154, 3, 2, '2022-12-21 08:46:10', 'OUT', '', '102'),
(155, 2, 3, '2022-12-21 08:46:10', 'OUT', '', '108'),
(156, 6, 6, '2022-12-21 08:46:10', 'IN', '', '109'),
(157, 6, 5, '2022-12-21 08:46:10', 'OUT', '', '110'),
(158, 6, 9, '2022-12-21 08:46:10', 'IN', '', '106'),
(159, 2, 10, '2022-12-21 08:46:10', 'OUT', '', '110'),
(160, 5, 7, '2022-12-21 08:46:10', 'OUT', '', '103'),
(161, 3, 5, '2022-12-21 08:46:10', 'OUT', '', '100'),
(162, 4, 3, '2022-12-21 08:46:10', 'OUT', '', '102'),
(163, 5, 9, '2022-12-21 08:46:10', 'COMPLETE', '', '110'),
(164, 4, 6, '2022-12-21 08:46:10', 'COMPLETE', '', '109'),
(165, 1, 8, '2022-12-21 08:46:10', 'IN', '', '105'),
(166, 3, 6, '2022-12-21 08:46:10', 'IN', '', '102'),
(167, 1, 9, '2022-12-21 08:46:10', 'IN', '', '105'),
(168, 6, 8, '2022-12-21 08:46:10', 'OUT', '', '105'),
(169, 3, 5, '2022-12-21 08:46:10', 'COMPLETE', '', '101'),
(170, 2, 9, '2022-12-21 08:46:10', 'COMPLETE', '', '100'),
(171, 5, 8, '2022-12-21 08:46:10', 'OUT', '', '107'),
(172, 4, 10, '2022-12-21 08:46:10', 'IN', '', '101'),
(173, 7, 5, '2022-12-21 08:46:10', 'IN', '', '110'),
(174, 10, 7, '2022-12-21 08:46:10', 'OUT', '', '109'),
(175, 5, 4, '2022-12-21 08:46:10', 'OUT', '', '110'),
(176, 2, 2, '2022-12-21 08:46:10', 'OUT', '', '109'),
(177, 5, 7, '2022-12-21 08:46:10', 'COMPLETE', '', '106'),
(178, 6, 7, '2022-12-21 08:46:10', 'COMPLETE', '', '102'),
(179, 6, 5, '2022-12-21 08:46:10', 'COMPLETE', '', '102'),
(180, 5, 9, '2022-12-21 08:46:10', 'COMPLETE', '', '100'),
(181, 1, 10, '2022-12-21 08:46:10', 'COMPLETE', '', '109'),
(182, 10, 2, '2022-12-21 08:46:10', 'OUT', '', '100'),
(183, 9, 8, '2022-12-21 08:46:10', 'OUT', '', '107'),
(184, 4, 6, '2022-12-21 08:46:10', 'OUT', '', '103'),
(185, 1, 5, '2022-12-21 08:46:10', 'IN', '', '100'),
(186, 5, 7, '2022-12-21 08:46:10', 'OUT', '', '110'),
(187, 1, 10, '2022-12-21 08:46:10', 'OUT', '', '100'),
(188, 8, 7, '2022-12-21 08:46:10', 'OUT', '', '101'),
(189, 8, 5, '2022-12-21 08:46:10', 'COMPLETE', '', '106'),
(190, 6, 5, '2022-12-21 08:46:10', 'COMPLETE', '', '106'),
(191, 6, 9, '2022-12-21 08:46:10', 'IN', '', '110'),
(192, 7, 7, '2022-12-21 08:46:10', 'COMPLETE', '', '101'),
(193, 8, 1, '2022-12-21 08:46:10', 'COMPLETE', '', '108'),
(194, 2, 2, '2022-12-21 08:46:10', 'IN', '', '105'),
(195, 10, 7, '2022-12-21 08:46:10', 'OUT', '', '108'),
(196, 4, 10, '2022-12-21 08:46:10', 'OUT', '', '102'),
(197, 2, 5, '2022-12-21 08:46:10', 'OUT', '', '108'),
(198, 10, 10, '2022-12-21 08:46:10', 'OUT', '', '110'),
(199, 3, 7, '2022-12-21 08:46:10', 'IN', '', '110'),
(200, 5, 2, '2022-12-21 08:46:10', 'COMPLETE', '', '104'),
(201, 2, 6, '2022-12-21 08:46:10', 'OUT', '', '104'),
(202, 10, 8, '2022-12-21 08:46:10', 'COMPLETE', '', '106'),
(203, 5, 10, '2022-12-21 08:46:10', 'IN', '', '106'),
(204, 7, 7, '2022-12-21 08:46:10', 'OUT', '', '110'),
(205, 3, 5, '2022-12-21 08:46:10', 'IN', '', '100'),
(206, 10, 9, '2022-12-21 08:46:10', 'COMPLETE', '', '107'),
(207, 6, 7, '2022-12-21 08:46:10', 'OUT', '', '110');

--
-- Indexes for dumped tables
--

--
-- Indexes for table `employee`
--
ALTER TABLE `employee`
  ADD PRIMARY KEY (`id`);

--
-- Indexes for table `office`
--
ALTER TABLE `office`
  ADD PRIMARY KEY (`id`);

--
-- Indexes for table `transaction`
--
ALTER TABLE `transaction`
  ADD PRIMARY KEY (`id`);

--
-- AUTO_INCREMENT for dumped tables
--

--
-- AUTO_INCREMENT for table `employee`
--
ALTER TABLE `employee`
  MODIFY `id` int(11) NOT NULL AUTO_INCREMENT, AUTO_INCREMENT=206;

--
-- AUTO_INCREMENT for table `office`
--
ALTER TABLE `office`
  MODIFY `id` int(11) NOT NULL AUTO_INCREMENT, AUTO_INCREMENT=206;

--
-- AUTO_INCREMENT for table `transaction`
--
ALTER TABLE `transaction`
  MODIFY `id` int(11) NOT NULL AUTO_INCREMENT, AUTO_INCREMENT=208;
COMMIT;

/*!40101 SET CHARACTER_SET_CLIENT=@OLD_CHARACTER_SET_CLIENT */;
/*!40101 SET CHARACTER_SET_RESULTS=@OLD_CHARACTER_SET_RESULTS */;
/*!40101 SET COLLATION_CONNECTION=@OLD_COLLATION_CONNECTION */;
